<?xml version="1.0" encoding="UTF-8"?>
<configuration>

    <!-- Define property for log directory -->
    <property name="LOG_DIR" value="logs" />

    <!-- Console appender -->
    <appender name="Console" class="ch.qos.logback.core.ConsoleAppender">
        <encoder>
            <pattern>%d{yyyy-MM-dd HH:mm:ss} %-5level %logger{36} - %msg%n</pattern>
        </encoder>
    </appender>

    <!-- Rolling file appender -->
    <appender name="RollingFile" class="ch.qos.logback.core.rolling.RollingFileAppender">
        <file>${LOG_DIR}/careflow-cms.log</file>

        <rollingPolicy class="ch.qos.logback.core.rolling.TimeBasedRollingPolicy">
            <!-- daily rollover -->
            <fileNamePattern>${LOG_DIR}/careflow-cms.%d{yyyy-MM-dd}.log</fileNamePattern>
            <!-- keep 2 days of history -->
            <maxHistory>2</maxHistory>
        </rollingPolicy>

        <encoder>
            <pattern>%d{yyyy-MM-dd HH:mm:ss} %-5level %logger{36} - %msg%n</pattern>
        </encoder>
    </appender>

    <!-- Root logger -->
    <root level="INFO">
        <appender-ref ref="Console" />
        <appender-ref ref="RollingFile" />
    </root>

    <!-- Logger level for packages -->
    <logger name="com.careflow.cms" level="DEBUG" />
</configuration>